[
    {"source": "MLP",
    "characters": [
        {
            "name": "Applejack",
            "drive_id": "1kpEjZ3YqMN3chKSXODOqayEm581rxj4r",
            "is_singing": false
        },
        {
            "name": "Celestia",
            "drive_id": "1whXXcnXu9XPcI60xIkTEofpaDYDOw5yB",
            "is_singing": false
        },
        {
            "name": "Chrysalis",
            "drive_id": "1bb5jKAcQcEQbx1feVwT1UmAEgocINh-E",
            "is_singing": false
        },
        {
            "name": "Discord",
            "drive_id": "1Cg9Oc_K9UDe5WgVDAcaCSbbBoo-Npj1E",
            "is_singing": false
        },
        {
            "name": "Fluttershy",
            "drive_id": "1KgVnjrnxZTXgjnI56ilkq5G4UJCbbwZZ",
            "is_singing": false
        },
        {
            "name": "Luna",
            "drive_id": "1_ztAbe5YArCMwyyQ_G9lUiz74ym5xJKC",
            "is_singing": false
        },
        {
            "name": "Maud Pie",
            "drive_id": "132G6oD0HHPPn4t1H6IkYv18_F0UVLWgi",
            "is_singing": false
        },
        {
            "name": "Pinkie Pie",
            "drive_id": "1CdYZ2r52mtgJsFs88U0ZViMSnzpQ_HRp",
            "is_singing": false
        },
        {
            "name": "Rainbow Dash",
            "drive_id": "1k3EMXxLC0fLvfxzGbeP6B6plgu9hqCSx",
            "is_singing": false
        },
        {
            "name": "Rarity",
            "drive_id": "1QWBvQSso4guc1LRUD40WRJ8DY2CfqHGK",
            "is_singing": false
        },
        {
            "name": "Spike",
            "drive_id": "1TKFdmFLttjjzByj2fZW8J70ZHjR-RTwc",
            "is_singing": false
        },
        {
            "name": "Starlight Glimmer",
            "drive_id": "1M1AMBq_xjwGTNzRUCXtSLIDJHbcSs3zR",
            "is_singing": false
        },
        {
            "name": "Sunset Shimmer",
            "drive_id": "1x1aJt06lBvzUWRlxJ9CEKcFHxQxZPpST",
            "is_singing": false
        },
        {
            "name": "Trixie",
            "drive_id": "1a3CYt0-oTTSFjxtZvAVMpClTmQteYua5",
            "is_singing": false
        },
        {
            "name": "Twilight Sparkle",
            "drive_id": "1QnOliOAmerMUNuo2wXoH-YoainoSjZen",
            "is_singing": false
        },
        {
            "name": "Twilight Sparkle (whispering)",
            "drive_id": "14_TUQVirITdyBh9etfNV8KFFhi_PUs30",
            "is_singing": false
        },
        {
            "name": "Zecora",
            "drive_id": "1gL0hqqB7952Q1S185moQd_DRCFfIa3_g",
            "is_singing": false
        },
        {
            "name": "Twilight Sparkle (singing)",
            "drive_id": "10CENYWV5ugTXZbnsldN6OKR7wkDEe7V7",
            "is_singing": true
        },
        {
            "name": "Pinkie Pie (singing)",
            "drive_id": "1lo-8wI8iB3GArrzIDlaNTA1If8WX0OEf",
            "is_singing": true
        },
        {
            "name": "Applejack (singing)",
            "drive_id": "1kegd0J2G4nogaX4IOB2O_vd8msaqMx8M",
            "is_singing": true
        },
        {
            "name": "Fluttershy (singing)",
            "drive_id": "1BBdTHis91MwnHTt7tD_xtZ-nQ9SgvqD6",
            "is_singing": true
        },
        {
            "name": "Rarity (singing)",
            "drive_id": "1AOMqD_XDV-7JQMZOuZKdJLoB3ebqujOg",
            "is_singing": true
        },
        {
            "name": "Rainbow Dash (singing)",
            "drive_id": "1q4RgCEVJCSaR_1Dh0rxs6JVRJt30hQRK",
            "is_singing": true
        },
        {
            "name": "Apple Bloom",
            "drive_id": "1Wm-7gqws0B3j8mtSQa77Tdk3RZwHEwT5",
            "is_singing": false
        },
        {
            "name": "Scootaloo",
            "drive_id": "1YkV1VtP1w5XOx3jYYarrCKSzXCB_FLCy",
            "is_singing": false
        },
        {
            "name": "Sweetie Belle",
            "drive_id": "1jLX0Py6j8uY93Fjf2l0HOZQYXiShfWUO",
            "is_singing": false
        },
        {
            "name": "Cozy Glow",
            "drive_id": "1cUQQ_4KXTXbmH3MqwwyZu77SpMr20HAL",
            "is_singing": false
        },
        {
            "name": "Big McIntosh",
            "drive_id": "1UzL5vo_ykmRdbi-5JOlsQzNKkoV4tJBP",
            "is_singing": false
        },
        {
            "name": "Cadance",
            "drive_id": "1w98tMJPfGhWvl797gImMfErPXDz_hA-6",
            "is_singing": false
        },
        {
            "name": "Granny Smith",
            "drive_id": "1FJuxLB6MhcHLtmEnOIxhN-yxJ85kmacu",
            "is_singing": false
        },
        {
            "name": "Shining Armor",
            "drive_id": "1PUUS71w2ik0uuycNB30nXFze8C7O8OzY",
            "is_singing": false
        },
        {
            "name": "Tirek",
            "drive_id": "1rcPDqgDeCIHGDdvfOo-fxfA1XeM4g3CB",
            "is_singing": false
        },
        {
            "name": "Mayor Mare",
            "drive_id": "1UFQWJHzKFPumoxioopPbAzM9ydznnRX3",
            "is_singing": false
        }
    ]}
]
